{
  "project_info": {
    "project_number": "713373497969",
    "firebase_url": "https://product-app-8c31a-default-rtdb.firebaseio.com",
    "project_id": "product-app-8c31a",
    "storage_bucket": "product-app-8c31a.appspot.com"
  },
  "client": [
    {
      "client_info": {
        "mobilesdk_app_id": "1:713373497969:android:43ae1ece00f12df8f7b9d0",
        "android_client_info": {
          "package_name": "com.example.productapp"
        }
      },
      "oauth_client": [
        {
          "client_id": "713373497969-ac7tb1gv1uokng84mughhr7tclq15sfl.apps.googleusercontent.com",
          "client_type": 3
        }
      ],
      "api_key": [
        {
          "current_key": "AIzaSyAcnwOwd7vFryDJxmWftQ_sASZE8P_Frrw"
        }
      ],
      "services": {
        "appinvite_service": {
          "other_platform_oauth_client": [
            {
              "client_id": "713373497969-ac7tb1gv1uokng84mughhr7tclq15sfl.apps.googleusercontent.com",
              "client_type": 3
            }
          ]
        }
      }
    }
  ],
  "configuration_version": "1"
}